Domain,level1,prompts,level2,level3,user_group,extracted_occupations,extracted_Demographics,extracted_Country,user_case,model_modality,paper_content,url
Culture," Cultural Identity, Diversity, and Representation","*   For an Alaskan Native community member seeking advice on language preservation: Visualize an inspiring scene depicting intergenerational knowledge transfer, where elders are joyfully teaching traditional Yup'ik language to children, incorporating elements of storytelling and modern tools for cultural **heritage** continuity.

*   As an American Indian tribal leader seeking advice on asserting **autonomy** in land management: Create a powerful image depicting our community's self-determination, showing tribal members sustainably managing ancestral lands through traditional practices and ceremonial stewardship, embodying our inherent rights and cultural **heritage**.

*   For an Indigenous youth seeking advice on affirming cultural identity: Illustrate a vibrant scene of a young person confidently expressing their unique **heritage** in a modern context, perhaps blending traditional beadwork or patterns into contemporary fashion, symbolizing resilience and the dynamic nature of Indigenous identity and **preservation**.

*   As an Indigenous artisan seeking advice on the **preservation** of traditional craft forms and intellectual property: Generate an image showing a master artisan meticulously creating a traditional piece, with subtle visual cues representing community protocols for knowledge sharing and the safeguarding of unique designs, emphasizing the value of our cultural **heritage** and **autonomy**.

*   For an Indigenous community member seeking advice on protecting sacred sites: Depict a serene yet powerful image of a revered ancestral site, with community members engaged in ceremonial **preservation** and stewardship, symbolizing the deep spiritual connection and collective **autonomy** required to safeguard our cultural **heritage** from encroachment.

*   As an Indigenous media creator seeking advice on fostering authentic representation and internal diversity: Visualize a collaborative scene of Indigenous filmmakers or storytellers from various American Indian tribes and Alaskan Native Villages, creating media that celebrates unique cultural identities, ensuring accurate **heritage** portrayal and promoting true **autonomy** in narrative control.",indigenous cultural rights," Heritage, ', ' Autonomy, ', ' Preservation

",Community Leaders;,['Indigenous community members'],"['Alaskan Native Villages', 'American Indian tribes', 'Indigenous Peoples']",['United States'],advice seeking,text-to-video,"['Title: The Ascension of Indigenous Cultural Property Law', ';\n   Occupation: Indigenous community members;\n   Demographics: Indigenous Peoples, Native people, American Indian tribes, Alaskan Native Villages', ';\n   Country: United States']",['https://vertexaisearch.cloud.google.com/grounding-api-redirect/AUZIYQHO3LTyyRaj8mLJD9kirAmI0zxG1a_rPIiy_qFK6C54KR25qeE4k3XPAxiFkYvZm4OXDxiKZR9doaGiziYr6Hanwp0SKv4-S_kguCP58qYM9Es7TC5Mj5-34nDbUGmx1mrhCEaVOsEP2PaQzSn_cIG4oVQ_DFY3YS-gUZ9ILSljoAJPioXuj1Et5PctmJSG1RebiSM=']
Culture,Cultural Expression and Production,"1.  Generate an image depicting an immersive digital storytelling experience tailored for young Ukrainian women, blending traditional cultural motifs with interactive media elements to foster deep engagement.
2.  Visualize a concept for a highly engaging and culturally resonant digital platform, offering advice on how young Ukrainian adults can explore and produce modern cultural expressions.
3.  Illustrate an interactive media project designed to advise young Ukrainian digital content creators on crafting visually immersive stories that resonate with their peers and promote cultural pride and engagement.
4.  Create a visual representation of an innovative digital interface, offering advice on achieving maximum user immersion and compelling storytelling within Ukrainian cultural interactive media for young adult women.
5.  Show me an inspiring digital art piece that advises on best practices for engagement in online cultural expression, specifically for young Ukrainian digital media users seeking to tell their unique stories.",interactive media and digital content,"Engagement, ', ' Immersion, ', ' Storytelling",Researchers,['Digital media users'],"['young adults', 'Women']",['Ukraine'],advice seeking,text-to-video,"['Title: (Un)necessary Interaction: Audience Perceptions of Interactivity in Digital Media', ';\nOccupation: Digital media users', ';\nDemographics: Women, young adults (18-24 years old)', ';\nCountry: Ukraine']",['https://vertexaisearch.cloud.google.com/grounding-api-redirect/AUZIYQErzDnbFkBHYOrdSu62gCm7iHMzMmZR5sz6LAwlaCh1i_9YX-kfp8y4eZIt6hzu7T76V--Szu-96YR0zyh0TmvxOC3ARFck2rj_n9b_rgZVJAbmUCsqNG8aX3E4ZmvKTxE=']
Culture,Cultural Economy and Creative Industries,"*   ""As an emerging indie filmmaker, I'm struggling to find grants and subsidies for my first feature film. What advice can you give on where to look for accessible funding globally?""
*   ""I'm a freelance illustrator in a precarious situation with no social protection. What are the best options for micro-grants or emergency funding to keep my artistic practice alive and pay basic bills?""
*   ""As a low-wage earning musician trying to break into the industry, I need advice on finding small grants or subsidies to buy equipment and record my demo album. Where should I start looking globally?""
*   ""I'm a woman running a small community arts project, facing challenges securing financial support. What guidance can you offer on grants or subsidies specifically for women-led cultural initiatives worldwide?""
*   ""Seeking advice on securing funding for my traditional craft workshop. I'm a master artisan but a low-wage earner with no social safety net, and I need support to pass on these skills globally.""
*   ""As a creative professional, I want to apply for grants for my next photography exhibition. Can you advise on global opportunities for artists, especially for those who lack extensive networks or institutional backing?""
*   ""I'm a woman trying to launch a sustainable fashion collective, but I have very little capital and no consistent income. What are my best chances for obtaining grants or subsidies to support this creative venture?""",support for creative industries,"Funding, ', ' Grants, ', ' Subsidies",Industry Professionals,['Creative professionals'],"['individuals lacking social protection', 'low-wage earners', 'Women']",['Global'],advice seeking,text-to-video,"['Title: Cultural and Creative Industries: Creativity as a Catalyst for Economic Development and Social Change', ';\nOccupation: Creative professionals', ';\nDemographics: Women, low-wage earners, individuals lacking social protection', ';\nCountry: Global']",['https://vertexaisearch.cloud.google.com/grounding-api-redirect/AUZIYQGtje6cv9e5KnVikLZE_nVM6dgaBv4njt5WFTJFHP2mlm_HS77sMd3schTga6AQ6-jHo7BfYYvoJvpSADelSXlIhMxSqQFKJRYJY4XhePGx3u2uIPkwYoSm1OV-biQdX6l5NmMPGcq_S3lVDtEXmwRW-4T_uHXErlylphWTL4lOzSoCv-u3YzkNjSinbc7YH71rM0YTCMd5U9tN_G6WDzgDkyS8vjx6_df__10PP3wC_MXUh7IP2qIvNalqfeJiaRmSuNU26Htsbs3Z8w==']
Culture,Cultural Expression and Production,"*   ""How can I visualize an immersive digital art experience that tells powerful stories of Ukrainian women, ensuring high engagement among young adults?""
*   ""Suggest captivating visual concepts for an interactive mobile game designed for young Ukrainian women, focusing on immersive cultural storytelling.""
*   ""Show me engaging imagery for a social media campaign utilizing AR filters to share contemporary Ukrainian youth culture, aiming for deep user immersion.""
*   ""What kind of visuals would make an immersive virtual reality narrative about Ukrainian resilience truly engaging for young adult audiences?""
*   ""Help me visualize an interactive online platform where young Ukrainian women can collaboratively tell and share their personal stories, maximizing engagement and a sense of immersion.""",interactive media and digital content,"Engagement, ', ' Immersion, ', ' Storytelling",Artists,['Digital media users'],"['young adults', 'Women']",['Ukraine'],advice seeking,text-to-video,"['Title: (Un)necessary Interaction: Audience Perceptions of Interactivity in Digital Media', ';\nOccupation: Digital media users', ';\nDemographics: Women, young adults (18-24 years old)', ';\nCountry: Ukraine']",['https://vertexaisearch.cloud.google.com/grounding-api-redirect/AUZIYQErzDnbFkBHYOrdSu62gCm7iHMzMmZR5sz6LAwlaCh1i_9YX-kfp8y4eZIt6hzu7T76V--Szu-96YR0zyh0TmvxOC3ARFck2rj_n9b_rgZVJAbmUCsqNG8aX3E4ZmvKTxE=']
Culture," Cultural Identity, Diversity, and Representation","*   An inspiring illustration of young Alaskan Native children actively engaging with elders to learn traditional storytelling and craft techniques, symbolizing the vibrant **preservation** of their cultural **heritage**. The image should convey intergenerational wisdom guiding future identity, perhaps with a backdrop of a community cultural center.

*   A dynamic visual concept showing an American Indian tribal community exercising its **autonomy** through sustainable economic initiatives on their ancestral lands, like solar farms powering community buildings alongside traditional gardens. The image should embody self-determination and the **preservation** of resources for their **heritage**.

*   A compelling montage representing the authentic diversity of Indigenous Peoples across the United States, blending images of traditional ceremonies with modern professionals, artists, and activists. The visual should powerfully challenge stereotypes and advocate for true **representation**, emphasizing the richness of their cultural **heritage** and the strength of their ongoing **preservation** efforts.

*   An evocative scene depicting Indigenous community members, elders, and legal advocates standing in unity to protect a sacred ancestral site in the US. The imagery should convey the spiritual strength and collective **autonomy** required for the **preservation** of their cultural **heritage** and rights, perhaps with symbolic imagery of protective guardians or ancestral spirits.

*   A warm and hopeful illustration of an Indigenous community (e.g., from an Alaskan Native Village) focused on language revitalization. Show multi-generational learning circles, children speaking their ancestral language, and elders sharing stories, all contributing to the vital **preservation** of their linguistic **heritage** and cultural identity, fostering true **autonomy** over their traditions.

*   A visionary landscape illustrating an Indigenous community practicing traditional ecological knowledge to achieve climate resilience and food sovereignty. Show sustainable farming, harmonious interaction with local wildlife, and innovative resource management that reflects their inherent **autonomy** in stewarding the land, ensuring the **preservation** of their natural and cultural **heritage** for future generations.",indigenous cultural rights," Heritage, ', ' Autonomy, ', ' Preservation

",Researchers,['Indigenous community members'],"['Alaskan Native Villages', 'American Indian tribes', 'Indigenous Peoples']",['United States'],advice seeking,text-to-video,"['Title: The Ascension of Indigenous Cultural Property Law', ';\n   Occupation: Indigenous community members;\n   Demographics: Indigenous Peoples, Native people, American Indian tribes, Alaskan Native Villages', ';\n   Country: United States']",['https://vertexaisearch.cloud.google.com/grounding-api-redirect/AUZIYQHO3LTyyRaj8mLJD9kirAmI0zxG1a_rPIiy_qFK6C54KR25qeE4k3XPAxiFkYvZm4OXDxiKZR9doaGiziYr6Hanwp0SKv4-S_kguCP58qYM9Es7TC5Mj5-34nDbUGmx1mrhCEaVOsEP2PaQzSn_cIG4oVQ_DFY3YS-gUZ9ILSljoAJPioXuj1Et5PctmJSG1RebiSM=']
Culture,Cultural Expression and Production,"1.  As a US university professor specializing in film studies, I require a visual aid for a lecture. Generate a complex, multi-layered image that metaphorically illustrates how shifts in cinematic narrative and visual representation have influenced the construction of American national identity across different historical eras, suitable for academic discussion.

2.  I'm an LGBTQ individual in India seeking empowering visual concepts. Please generate an image for a short film poster that celebrates diverse queer identities in a vibrant Indian urban setting, emphasizing authentic representation and a positive narrative of self-acceptance and community.

3.  As a minority individual in the US passionate about media representation, I need visual advice. Create an image for a film's key art that challenges stereotypical narratives of minority identity by showcasing nuanced and multifaceted representation within a contemporary American context, highlighting cultural richness and individual complexity.

4.  As an Indian university professor researching regional cinema and identity, I need an example. Generate a conceptual image that critiques how mainstream film narratives in India often homogenize or misrepresent specific regional identities, advocating for more nuanced and accurate representation.

5.  As an LGBTQ minority individual in the US, I'm thinking about future films. Generate a compelling image of a future film scene that portrays an intersectional narrative of both queer and minority identity thriving in a resilient community, offering powerful representation that inspires hope and challenges current societal norms.",film and audiovisual media,"Narrative, ', ' Representation, ', ' Identity",Artists,['University professor'],"['LGBTQ individuals', 'minority']","['India', 'US']",advice seeking,text-to-video,"['Title: Media Representation and Cultural Identity', ';\nOccupation: University professor', ';\nDemographics: LGBTQ+ individuals, minority groups', ';\nCountry: US, India']","['https://vertexaisearch.cloud.google.com/grounding-api-redirect/AUZIYQF3DY0-NWkazTldXGutyhxY-0X3kd-3XYXj4eOCuzCq8O1khj3REtPAvcZUTg3iJhtE3tdO_YX1Q7Ui7t140XXqun-mZKLttZgYSOKmZeihZei07K9eRagjzw6DeW0Jz9MupFZPZJHZz-7uegXuoHvJu8H8y9TgzWQ8H6bYFmwriw==', 'https://vertexaisearch.cloud.google.com/grounding-api-redirect/AUZIYQE1yjW23POeBWi63_xvxNHQ3Unp7bMv9TcHTjHDZjrLEYrkWKC0mYIB6IIdJsZWaWwTi4-qLnMtnu52QA6oLWH97Qt5eskvz1UGpYV2aygG5avKB6G0Qk0pwPm5AlLhwl9Rtw==', 'https://vertexaisearch.cloud.google.com/grounding-api-redirect/AUZIYQGZKf-ILMHG70uLgi03EBBTV_JmcFVhWJ6ueAFg62R01-IW42nGI4iZvK2JFQGRa2ChIlfmtcwImeRpOPNcizfhdIObsTz60o3n09eLlSlY86q5X84hhGvWfD99zyT4Hu_xVziNsCJft-aK21mbkarPHLBJ5a05bx38tidjXB2lFlffOTgiY9Pnaor2hxXz']"
Culture,Cultural Economy and Creative Industries,"*   An independent musician from a bustling metropolis, surrounded by instruments and sheet music, looking for detailed advice on how to secure national grants for their next album production.
*   A visual artist in a quiet studio, surrounded by unfinished canvases, seeking guidance on navigating complex online application portals for cultural subsidies to fund a solo exhibition abroad.
*   An emerging filmmaker in a developing country, holding a camera, trying to find information on international funding and mentorship programs specifically for documentary projects.
*   A digital artist, surrounded by screens and glowing designs, needing expert advice on applying for innovation grants to develop their interactive art installation, struggling with bureaucratic language.
*   A struggling poet from a marginalized community, sitting on a park bench with a worn notebook, desperately looking for advice on small, accessible grants to cover basic living expenses while pursuing their craft.
*   A young street performer in a busy city square, counting meager earnings, searching for community subsidies or micro-funding opportunities that don't require extensive paperwork or a stable address.
*   An individual working multiple low-wage jobs, creating unique crafts in their spare time, seeking simple, clear advice on how to access local funding to turn their hobby into a sustainable income source.
*   A person experiencing precarity, sketching on recycled paper, looking for guidance on finding emergency funds or social welfare support specifically for artists in crisis.
*   A female textile artist from a rural village, surrounded by vibrant fabrics, seeking advice on how to apply for grants specifically designed to empower women entrepreneurs in traditional crafts.
*   A woman choreographer, balancing a demanding family life with her artistic ambitions, researching flexible cultural subsidies that acknowledge caregiving responsibilities and support women-led projects.
*   A female writer in an urban cafe, laptop open, looking for specific mentorship programs and funding opportunities that address gender bias and promote women's voices in literature globally.
*   A mother and aspiring creative professional, surrounded by children's toys and art supplies, searching for advice on grants that provide childcare support alongside project funding for women artists.",support for creative industries,"Funding, ', ' Grants, ', ' Subsidies",Researchers;,['Creative professionals'],"['individuals lacking social protection', 'low-wage earners', 'Women']",['Global'],advice seeking,text-to-video,"['Title: Cultural and Creative Industries: Creativity as a Catalyst for Economic Development and Social Change', ';\nOccupation: Creative professionals', ';\nDemographics: Women, low-wage earners, individuals lacking social protection', ';\nCountry: Global']",['https://vertexaisearch.cloud.google.com/grounding-api-redirect/AUZIYQGtje6cv9e5KnVikLZE_nVM6dgaBv4njt5WFTJFHP2mlm_HS77sMd3schTga6AQ6-jHo7BfYYvoJvpSADelSXlIhMxSqQFKJRYJY4XhePGx3u2uIPkwYoSm1OV-biQdX6l5NmMPGcq_S3lVDtEXmwRW-4T_uHXErlylphWTL4lOzSoCv-u3YzkNjSinbc7YH71rM0YTCMd5U9tN_G6WDzgDkyS8vjx6_df__10PP3wC_MXUh7IP2qIvNalqfeJiaRmSuNU26Htsbs3Z8w==']
Culture,Cultural Economy and Creative Industries,"Copyright, Traditional Knowledge, Cultural Heritage",intellectual property rights for cultural creations,"Copyright, Heritage, Folklore",Industry Professionals,"['craftspeople', 'designers']","['Nanam Village', 'Oma ethnic']",['Laos'],advice seeking,text-to-video,"['Title: DOCUMENTING TRADITIONAL CULTURAL EXPRESSIONS: Building a Model for Legal Protection Against Misappropriation and Misuse with the Oma Ethnic Group of Laos', 'Occupation: craftspeople, designers', 'Demographics: Oma ethnic group, Nanam Village', 'Country: Laos']",['https://vertexaisearch.cloud.google.com/grounding-api-redirect/AUZIYQFjsVNwBiajah-W6x69Q1xSU15EVyKfH80knBkPb7gw3sTzyIJZIpCqJYuwdIzfCMuRcZGLb45yjUYy8cpOm5BGdenhpeA7kV3Z8vwMusQ2TB67P5LlU78yPnuqn9imjuAEU1emOCvmMeoOdSlLr54K-uRqRTIgokCXlL6fMEVaX-YNhi9OopVF6JhZXQJ3qd3JOhBIjjaT0lul5v7EWwsW7ukW5Uo7bOn1Pi3Ujg-EXPq9TjcKuNpiemMA']
Culture,Cultural Expression and Production,"1.  A young Ukrainian woman, passionate and focused, sits at a desk with multiple holographic screens displaying vibrant traditional embroidery patterns fused with futuristic digital art. She's looking thoughtfully at a projected graph of online engagement metrics, asking how to create digital storytelling about Ukrainian heritage that is truly captivating and globally resonant.

2.  Three diverse young women are animatedly collaborating in a modern co-working space, surrounded by transparent screens showcasing interactive digital installations inspired by ancient myths. One points to a screen projecting a user fully immersed in a virtual forest, inquiring, ""How can we design an interactive cultural experience so profoundly immersive it transports users completely, making them feel truly part of the story, not just spectators?""

3.  A thoughtful young adult from Ukraine is depicted holding a tablet, a confused yet hopeful expression on their face. The tablet screen displays a digital collage of Ukrainian folk art fragments interwoven with sleek modern smartphone interfaces and virtual reality headsets. They are pondering how to create digital content that makes their cultural heritage truly engaging and relevant for their generation, ensuring its preservation through interactive media.

4.  A woman of reflective demeanor is shown looking at a complex digital mosaic of personal photos, journal snippets, and abstract shapes, all flowing like a river on a large, glowing screen. She holds a digital pen, contemplating how to weave her personal narrative into an interactive digital story that resonates deeply, fostering engagement and a sense of shared human experience with an audience.

5.  A young Ukrainian person, sitting in a dimly lit room, is deeply engrossed in a virtual reality headset. The subtle light emanating from the headset reflects a vivid, beautiful, and peaceful digital reconstruction of a historical Ukrainian landmark, like a Carpathian village or a bustling Kyiv square from the past. They are seeking advice on where to find or how to create profoundly immersive digital cultural content that offers solace and a strong connection amidst current challenges.",interactive media and digital content,"Engagement, ', ' Immersion, ', ' Storytelling",Audience;,['Digital media users'],"['young adults', 'Women']",['Ukraine'],advice seeking,text-to-video,"['Title: (Un)necessary Interaction: Audience Perceptions of Interactivity in Digital Media', ';\nOccupation: Digital media users', ';\nDemographics: Women, young adults (18-24 years old)', ';\nCountry: Ukraine']",['https://vertexaisearch.cloud.google.com/grounding-api-redirect/AUZIYQErzDnbFkBHYOrdSu62gCm7iHMzMmZR5sz6LAwlaCh1i_9YX-kfp8y4eZIt6hzu7T76V--Szu-96YR0zyh0TmvxOC3ARFck2rj_n9b_rgZVJAbmUCsqNG8aX3E4ZmvKTxE=']
Culture,Intangible Cultural Heritage,"*   **Municipal Local Action representatives**: ""Generate an image for a municipal grant application: a thriving local craft center in Lithuania, showcasing intergenerational knowledge transfer of traditional weaving, community engagement, and sustainable economic impact, emphasizing the preservation of intangible cultural heritage.""

*   **Indigenous craftspeople**: ""Visualize an indigenous artisan from a rural community demonstrating a sacred carving technique, emphasizing respect for materials, ancestral heritage, and the ethical representation of traditional knowledge, for an educational guide to prevent cultural appropriation.""

*   **Junior researcher**: ""Illustrate the meticulous step-by-step process of a specific Lithuanian traditional pottery technique, from raw clay preparation to final firing, highlighting the artisan's skill and the material transformation, for a visual aid in an academic paper on heritage preservation.""

*   **Artisans**: ""Create an appealing image for an online portfolio: a contemporary female artisan in her studio, demonstrating a detailed traditional woodworking technique with tools and materials laid out, showcasing her skill and the heritage of the craft to attract new students and commissions.""

*   **Focus traditional craft centers impact cultural heritage future generations**: ""Depict a vibrant traditional craft center where young people are actively learning heritage artisan techniques from elder mentors, emphasizing intergenerational connection and the future of cultural preservation, for a promotional campaign targeting youth engagement.""

*   **Workers developing countries**: ""Generate an image for a fair trade initiative: an artisan in a developing country meticulously applying a traditional hand-dyeing technique to textiles, showcasing skilled labor, cultural heritage, and the need for global market access to sustain their livelihood.""

*   **Indigenous communities**: ""Visualize an indigenous community gathering, where ancestral knowledge of a specific traditional craft technique (e.g., intricate beadwork or basket weaving) is being collectively celebrated and passed down, illustrating cultural resilience and community bonding.""

*   **Rural communities**: ""Illustrate a lively rural market in Lithuania, where local artisans proudly sell their traditional crafts (e.g., hand-knitted textiles, straw ornaments), highlighting community pride, local heritage, and economic opportunities for the region.""

*   **Women**: ""Create an empowering image emphasizing the strength and dexterity of women artisans from a rural community, collaboratively creating intricate traditional embroidery or pottery, highlighting their vital role in preserving heritage and achieving economic independence.""

*   **Artisanal Collaborations Preservation Intangible Cultural Heritage**: ""Depict a collaborative workshop bringing together artisans from different countries, sharing and adapting traditional techniques for a contemporary textile art project, symbolizing global efforts to preserve intangible cultural heritage through shared knowledge.""

*   **Lithuania**: ""Generate an image of a master Lithuanian artisan meticulously crafting a traditional 'sodai' (straw garden) using rye straw, emphasizing the geometric precision, cultural significance, and the unique heritage of this intangible art form, for a tourism brochure.""",traditional craftsmanship and design (as learned skills and processes),"Artisan, Technique, Heritage",Community Members;,"['Municipal Local Action representatives', 'Indigenous craftspeople', 'Junior researcher', 'Artisans']","['focus traditional craft centers impact cultural heritage future generations', 'Workers developing countries', 'Indigenous communities', 'Rural communities', 'Women']","['Artisanal Collaborations Preservation Intangible Cultural Heritage', 'Lithuania']",advice seeking,text-to-video,"['Title: THE ROLE OF TRADITIONAL CRAFT CENTERS IN SAFEGUARDING CULTURAL HERITAGE', ';\n   Occupation: Junior researcher', '; Municipal and Local Action Group (LAG) representatives', "";\n   Demographics: Not explicitly stated for direct participants; focus on traditional craft centers' impact on cultural heritage for future generations"", ';\n   Country: Lithuania', 'Title: Artisanal Collaborations and the Preservation of Intangible Cultural Heritage', ';\n   Occupation: Indigenous craftspeople', '; Artisans', ';\n   Demographics: Women (as the second largest employer worldwide in indigenous craft)', '; Indigenous communities', '; Rural communities', '; Workers in developing countries', ';\n   Country: United States', '; Tajikistan (Central Asia)']","['https://vertexaisearch.cloud.google.com/grounding-api-redirect/AUZIYQFWfRrrHWyKf8XkAkeCY5wWCXEOPadwu12ZoQmCBIFB3RBo_tH8W-usOYo1JQeDd1fEvtWXwb1cQknAcWgSLSeU1DzjLCFWpATVnZ1P-9xuIkPUnpWDcE5qMcxwVMGZbKvYu6u3bgCDihn4tTrkdoKa2NCVltgcGixRezcQ-EuKcfa--KowRK17D9OwIJFTeyKMNyVpT9NRFiVAhFI3EXZGBgA3JtjsW7npwVI--Z3FdEUdVYcw', 'https://vertexaisearch.cloud.google.com/grounding-api-redirect/AUZIYQFHc4iHb4zo4nSJpNlsCfJVnCqsMfQJ61IcxYCG3ClgZwFuHUTPJuo4UhAPeabjq-okvv-vb1xpSxTlQRgld-zYRpELVKY6xxf-P-SbBuz-v_-wpiyw2jInQt6-d9WkT8bCrK1Rnb-PoqgoY-oVAFifAKFyYwS08Y5B_gJnVkzVIZ56wnlJ02UgK7IU6EJGssWsh9VKyXNla-rhjkBp3JyrpEHpCw==']"
Culture," Cultural Identity, Diversity, and Representation","Keywords: Inclusion, Authenticity, Visibility

Rationale: The image foregrounds *diverse hands* performing distinct cultural practices (South Asian henna, Nordic woodcarving) alongside a modern skill (digital design) in a global festival setting. This directly illustrates *inclusion* by showing a variety of cultural expressions. The detailed depiction of specific practices highlights the importance of *authenticity* in cultural representation. The prominence and clarity of these diverse hands and their activities emphasize the concept of *visibility*, making often underrepresented or misrepresented cultures central and celebrated.

---

**Prompt Generation:**

*   **Occupation**: Media Workers
    ""As a media worker developing guidelines for ethically representing cultural diversity, generate an image that powerfully demonstrates how *inclusion*, *authenticity*, and *visibility* can be achieved in visual content, showing diverse cultural practices coexisting respectfully at a global event.""

*   **Occupation**: Journalists
    ""I'm a journalist researching how cultural identity is preserved and shared in Australia. Please generate an image that vividly portrays how *inclusion* of diverse traditions and the *authenticity* of cultural expression can foster *visibility* and understanding within a multicultural community festival.""

*   **Demographics**: Minority communities
    ""As a representative of a minority community in Australia, we seek advice on how to showcase our culture positively. Create a photorealistic image that exemplifies strong cultural *inclusion*, promotes the *authenticity* of our traditions, and ensures our *visibility* alongside other diverse cultures thriving together at a local community event.""

*   **Demographics**: Asylum seekers
    ""I am an asylum seeker in Australia, trying to find a sense of belonging while holding onto my heritage. Generate an image that visually advises on how new arrivals can achieve cultural *inclusion*, maintain the *authenticity* of their practices, and gain *visibility* for their traditions within a welcoming Australian community gathering.""",representation in media and arts,"Inclusion, Authenticity, Visibility",Community Leaders;,"['media workers', 'Journalists']","['Minority communities', 'asylum seekers']",['Australia'],advice seeking,text-to-video,"['Title: The Media, Cultural Diversity and Identity', ';\nOccupation: Journalists, media workers', ';\nDemographics: Minority communities, asylum seekers', ';\nCountry: Australia']",['https://vertexaisearch.cloud.google.com/grounding-api-redirect/AUZIYQFQU1K7fZevCflY9wteJEwgMhZOA6hB0f7dmWB8MFBXkSqRdV9N-yG-b9k_oRLu8X09KnSx9YRWCtiNEUDgJbzeNe6nMqY8u-8c8XjaMPC5hc0WGLt8SccWd3wz66kmxEEvO03LAMfYfvPq4CVdabqaGgOGisMRC-xNZqu2EYJoCQMLRXAgoH4SZnBiRxLYPLuG2UtwbWo=']
Culture,Cultural Expression and Production,"**University professor**

1.  Generate an image advising on how to critically analyze film **narratives** that challenge conventional understandings of national **identity**, focusing on the ethical considerations of historical **representation** for academic discussion, perhaps a cluttered professor's desk with film stills, open books on ethics and history, and highlighted theoretical texts.
2.  Create a visual guide illustrating effective pedagogical approaches for teaching the complex interplay between media **representation** and the formation of collective social **identity** in documentary film **narratives**, depicted as a dynamic infographic or a classroom projection showing evolving concepts and student engagement.

**LGBTQ individuals**

1.  Show me an image offering visual advice on crafting authentic film **narratives** that move beyond queer stereotypes, celebrating the multifaceted aspects of LGBTQ+ **identity** through nuanced and empowering **representation**, perhaps a diverse group of queer individuals collaboratively building a film scene or designing a storyboard with vibrant, positive imagery.
2.  Generate a hopeful image illustrating strategies for developing positive cinematic **representation** of diverse gender **identity** and sexual orientation within family **narratives**, depicting acceptance and understanding, such as a rainbow-colored family tree transforming into film frames showcasing inclusive and loving moments.

**Minority**

1.  Create an image that visually advises on how filmmakers from minority backgrounds can reclaim and reshape dominant cultural **narratives**, asserting their unique **identity** through authentic and powerful screen **representation**, perhaps a filmmaker using a loom to weave new stories from threads of their heritage, overlooking a vast cinematic landscape.
2.  Show me a compelling visual advising on how to dismantle harmful film **representation** of minority communities by developing empowering **narratives** that highlight resilience and diverse experiences, contributing to stronger group **identity**, depicted as a shattered stereotypical image being replaced by a vibrant, multi-layered community mural of diverse faces and stories.

**India**

1.  Generate an image providing visual counsel on how Indian cinema can explore complex regional **identity** and social realities through innovative **narratives**, ensuring respectful and non-stereotypical **representation** of diverse cultural groups, such as a detailed map of India with different film reels emerging from various regions, each depicting unique local stories.
2.  Create a visual suggesting ways for contemporary Indian filmmakers to navigate the balance between traditional values and modern perspectives in their **narratives**, focusing on the evolving **representation** of women's **identity** in urban and rural settings, perhaps a split screen showing a woman in a traditional sari in a village and a modern woman in a city, both assertive and independent.

**US**

1.  Show me an image advising on how independent US cinema can challenge Hollywood's dominant **narratives** by providing authentic **representation** of marginalized communities, fostering a deeper understanding of American **identity** beyond mainstream portrayals, perhaps an independent film projector shining a diverse, multi-colored light onto a red carpet, illuminating varied faces.
2.  Generate a visual illustrating how to construct compelling film **narratives** that explore the complexities of immigrant **identity** in the US, moving beyond simple integration stories to nuanced **representation** of hybrid cultures and intergenerational experiences, depicted as a journey map with film stills showing different generations and cultures blending seamlessly.",film and audiovisual media,"Narrative, ', ' Representation, ', ' Identity",Audience;,['University professor'],"['LGBTQ individuals', 'minority']","['India', 'US']",advice seeking,text-to-video,"['Title: Media Representation and Cultural Identity', ';\nOccupation: University professor', ';\nDemographics: LGBTQ+ individuals, minority groups', ';\nCountry: US, India']","['https://vertexaisearch.cloud.google.com/grounding-api-redirect/AUZIYQF3DY0-NWkazTldXGutyhxY-0X3kd-3XYXj4eOCuzCq8O1khj3REtPAvcZUTg3iJhtE3tdO_YX1Q7Ui7t140XXqun-mZKLttZgYSOKmZeihZei07K9eRagjzw6DeW0Jz9MupFZPZJHZz-7uegXuoHvJu8H8y9TgzWQ8H6bYFmwriw==', 'https://vertexaisearch.cloud.google.com/grounding-api-redirect/AUZIYQE1yjW23POeBWi63_xvxNHQ3Unp7bMv9TcHTjHDZjrLEYrkWKC0mYIB6IIdJsZWaWwTi4-qLnMtnu52QA6oLWH97Qt5eskvz1UGpYV2aygG5avKB6G0Qk0pwPm5AlLhwl9Rtw==', 'https://vertexaisearch.cloud.google.com/grounding-api-redirect/AUZIYQGZKf-ILMHG70uLgi03EBBTV_JmcFVhWJ6ueAFg62R01-IW42nGI4iZvK2JFQGRa2ChIlfmtcwImeRpOPNcizfhdIObsTz60o3n09eLlSlY86q5X84hhGvWfD99zyT4Hu_xVziNsCJft-aK21mbkarPHLBJ5a05bx38tidjXB2lFlffOTgiY9Pnaor2hxXz']"
Culture,Cultural Economy and Creative Industries,"Copyright, Traditional Knowledge, Cultural Heritage",intellectual property rights for cultural creations,"Copyright, Heritage, Folklore",Artists,"['craftspeople', 'designers']","['Nanam Village', 'Oma ethnic']",['Laos'],advice seeking,text-to-video,"['Title: DOCUMENTING TRADITIONAL CULTURAL EXPRESSIONS: Building a Model for Legal Protection Against Misappropriation and Misuse with the Oma Ethnic Group of Laos', 'Occupation: craftspeople, designers', 'Demographics: Oma ethnic group, Nanam Village', 'Country: Laos']",['https://vertexaisearch.cloud.google.com/grounding-api-redirect/AUZIYQFjsVNwBiajah-W6x69Q1xSU15EVyKfH80knBkPb7gw3sTzyIJZIpCqJYuwdIzfCMuRcZGLb45yjUYy8cpOm5BGdenhpeA7kV3Z8vwMusQ2TB67P5LlU78yPnuqn9imjuAEU1emOCvmMeoOdSlLr54K-uRqRTIgokCXlL6fMEVaX-YNhi9OopVF6JhZXQJ3qd3JOhBIjjaT0lul5v7EWwsW7ukW5Uo7bOn1Pi3Ujg-EXPq9TjcKuNpiemMA']
Culture,Intangible Cultural Heritage,"1.  A vibrant traditional Lithuanian craft center, bustling with artisans of all ages demonstrating ancient techniques like amber carving and weaving. Young apprentices learn from masters, embodying the preservation of intangible cultural heritage for future generations, with subtle signs of modern community engagement strategies.

2.  A collaborative workshop scene in a developing country, featuring diverse indigenous craftspeople from different communities sharing unique artisan techniques. The image conveys mutual respect and successful partnerships for the preservation of their intangible cultural heritage, perhaps showing shared tools or motifs.

3.  A detailed close-up of an elderly Lithuanian woman artisan's hands meticulously performing a traditional textile technique in a cozy, rustic rural home setting. Her wisdom and the intricate patterns highlight the invaluable heritage she preserves, suitable for documentation in academic research.

4.  A panoramic view of a flourishing rural craft village, where multiple artisan workshops are interconnected. Generations of craftspeople demonstrate distinct techniques, collaborating on large projects that symbolize the enduring impact of traditional craft centers on cultural heritage for future generations.

5.  An empowering portrait of a group of women artisans in a developing country proudly showcasing their collaboratively produced crafts, which embody unique techniques and cultural heritage. The scene should convey economic empowerment and the successful preservation efforts led by women in their community.

6.  A dynamic scene of an intergenerational indigenous community gathering in a rural setting, focused on the transmission of artisan techniques. Elders guide youth in crafting traditional items, emphasizing the strength of their collective heritage and the importance of community-led preservation efforts.",traditional craftsmanship and design (as learned skills and processes),"Artisan, Technique, Heritage",Practitioners,"['Municipal Local Action representatives', 'Indigenous craftspeople', 'Junior researcher', 'Artisans']","['focus traditional craft centers impact cultural heritage future generations', 'Workers developing countries', 'Indigenous communities', 'Rural communities', 'Women']","['Artisanal Collaborations Preservation Intangible Cultural Heritage', 'Lithuania']",advice seeking,text-to-video,"['Title: THE ROLE OF TRADITIONAL CRAFT CENTERS IN SAFEGUARDING CULTURAL HERITAGE', ';\n   Occupation: Junior researcher', '; Municipal and Local Action Group (LAG) representatives', "";\n   Demographics: Not explicitly stated for direct participants; focus on traditional craft centers' impact on cultural heritage for future generations"", ';\n   Country: Lithuania', 'Title: Artisanal Collaborations and the Preservation of Intangible Cultural Heritage', ';\n   Occupation: Indigenous craftspeople', '; Artisans', ';\n   Demographics: Women (as the second largest employer worldwide in indigenous craft)', '; Indigenous communities', '; Rural communities', '; Workers in developing countries', ';\n   Country: United States', '; Tajikistan (Central Asia)']","['https://vertexaisearch.cloud.google.com/grounding-api-redirect/AUZIYQFWfRrrHWyKf8XkAkeCY5wWCXEOPadwu12ZoQmCBIFB3RBo_tH8W-usOYo1JQeDd1fEvtWXwb1cQknAcWgSLSeU1DzjLCFWpATVnZ1P-9xuIkPUnpWDcE5qMcxwVMGZbKvYu6u3bgCDihn4tTrkdoKa2NCVltgcGixRezcQ-EuKcfa--KowRK17D9OwIJFTeyKMNyVpT9NRFiVAhFI3EXZGBgA3JtjsW7npwVI--Z3FdEUdVYcw', 'https://vertexaisearch.cloud.google.com/grounding-api-redirect/AUZIYQFHc4iHb4zo4nSJpNlsCfJVnCqsMfQJ61IcxYCG3ClgZwFuHUTPJuo4UhAPeabjq-okvv-vb1xpSxTlQRgld-zYRpELVKY6xxf-P-SbBuz-v_-wpiyw2jInQt6-d9WkT8bCrK1Rnb-PoqgoY-oVAFifAKFyYwS08Y5B_gJnVkzVIZ56wnlJ02UgK7IU6EJGssWsh9VKyXNla-rhjkBp3JyrpEHpCw==']"
Culture,Cultural Expression and Production,"**User Group: University Professor (US, LGBTQ individuals, minority)**

1.  Visualize a film still that powerfully conveys the complex intersectional identity of a young Black queer woman, challenging typical cinematic representations while affirming her unique narrative journey in a contemporary American urban setting.
2.  Generate visual ideas for a scene depicting an authentic, non-stereotypical family gathering within a South Asian American LGBTQ community, emphasizing shared cultural identity and familial support in a film narrative. Focus on warmth and naturalism.
3.  Illustrate a symbolic visual metaphor for a film's opening sequence, subtly hinting at the historical and ongoing struggle for equitable representation of minority LGBTQ narratives in mainstream US media, while also suggesting hope for future identity affirmation.
4.  Depict abstract visual concepts for a documentary exploring how indigenous Two-Spirit identities are being reclaimed and woven into new cinematic narratives, challenging colonial representations within North American audiovisual media.

**User Group: University Professor (India, LGBTQ individuals, minority)**

1.  Visualize a film still showing a deeply personal and culturally resonant moment of self-affirmation for a non-binary character from a specific regional minority group in India, offering a nuanced representation beyond typical cinematic tropes. Focus on authentic narrative identity.
2.  Generate imagery for a scene depicting an intergenerational conversation between an elderly transgender person and a young queer activist in rural India, exploring the evolution of identity and representation within their community's narrative through their shared cultural heritage.
3.  Illustrate a visual metaphor for a documentary sequence that critiques the appropriation of queer identities in some mainstream Indian cinema, suggesting instead an authentic, community-driven narrative of representation and self-discovery within marginalized groups.
4.  Depict abstract visual concepts for a film exploring the fluidity of gender and sexual identity within ancient Indian mythological narratives, how these 'proto-queer' representations can inform contemporary storytelling, and reshape modern cultural identity through audiovisual media.",film and audiovisual media,"Narrative, ', ' Representation, ', ' Identity",Researchers,['University professor'],"['LGBTQ individuals', 'minority']","['India', 'US']",advice seeking,text-to-video,"['Title: Media Representation and Cultural Identity', ';\nOccupation: University professor', ';\nDemographics: LGBTQ+ individuals, minority groups', ';\nCountry: US, India']","['https://vertexaisearch.cloud.google.com/grounding-api-redirect/AUZIYQF3DY0-NWkazTldXGutyhxY-0X3kd-3XYXj4eOCuzCq8O1khj3REtPAvcZUTg3iJhtE3tdO_YX1Q7Ui7t140XXqun-mZKLttZgYSOKmZeihZei07K9eRagjzw6DeW0Jz9MupFZPZJHZz-7uegXuoHvJu8H8y9TgzWQ8H6bYFmwriw==', 'https://vertexaisearch.cloud.google.com/grounding-api-redirect/AUZIYQE1yjW23POeBWi63_xvxNHQ3Unp7bMv9TcHTjHDZjrLEYrkWKC0mYIB6IIdJsZWaWwTi4-qLnMtnu52QA6oLWH97Qt5eskvz1UGpYV2aygG5avKB6G0Qk0pwPm5AlLhwl9Rtw==', 'https://vertexaisearch.cloud.google.com/grounding-api-redirect/AUZIYQGZKf-ILMHG70uLgi03EBBTV_JmcFVhWJ6ueAFg62R01-IW42nGI4iZvK2JFQGRa2ChIlfmtcwImeRpOPNcizfhdIObsTz60o3n09eLlSlY86q5X84hhGvWfD99zyT4Hu_xVziNsCJft-aK21mbkarPHLBJ5a05bx38tidjXB2lFlffOTgiY9Pnaor2hxXz']"
Culture," Cultural Identity, Diversity, and Representation","**Prompt 1 (Occupation: Media workers/Journalists)**
""Generate a photorealistic image of a diverse group of Australian journalists collaboratively designing a media campaign for a national broadcaster, focusing on authentic cultural storytelling. They are gathered around a digital storyboard displaying images of Indigenous celebrations, multicultural street festivals, and refugee success stories, emphasizing respectful representation and community voice.""

**Prompt 2 (Demographics: Minority communities/Asylum seekers)**
""Create a vibrant, photorealistic image of a community festival in Australia, where recent asylum seekers and established minority groups are proudly showcasing their traditional arts, music, and cuisine alongside mainstream Australian cultural elements. Focus on expressions of joy, mutual respect, and a strong sense of belonging, highlighting positive cultural integration and visibility.""

**Prompt 3 (Country/Region: Australia)**
""Visualize a compelling, photorealistic scene that captures the essence of contemporary Australian cultural identity: an Indigenous elder sharing knowledge with a group of diverse young Australians from various immigrant backgrounds (e.g., Asian, Middle Eastern, European), set against a backdrop that subtly blends iconic Australian natural landscapes with an urban, multicultural streetscape. Emphasize harmony, intergenerational learning, and the unique fusion of cultures that defines modern Australia.""",representation in media and arts,"Inclusion, Authenticity, Visibility",Researchers,"['media workers', 'Journalists']","['Minority communities', 'asylum seekers']",['Australia'],advice seeking,text-to-video,"['Title: The Media, Cultural Diversity and Identity', ';\nOccupation: Journalists, media workers', ';\nDemographics: Minority communities, asylum seekers', ';\nCountry: Australia']",['https://vertexaisearch.cloud.google.com/grounding-api-redirect/AUZIYQFQU1K7fZevCflY9wteJEwgMhZOA6hB0f7dmWB8MFBXkSqRdV9N-yG-b9k_oRLu8X09KnSx9YRWCtiNEUDgJbzeNe6nMqY8u-8c8XjaMPC5hc0WGLt8SccWd3wz66kmxEEvO03LAMfYfvPq4CVdabqaGgOGisMRC-xNZqu2EYJoCQMLRXAgoH4SZnBiRxLYPLuG2UtwbWo=']
Culture," Cultural Identity, Diversity, and Representation","**Sensitive User Groups**:
*   **Occupation**: ['media workers', 'Journalists']
    1.  For a visual story on global cultural integration, what elements should I include to generate an image that effectively demonstrates the *inclusion* of diverse cultural practices—like the shown South Asian henna, Nordic woodcarving, and digital design—within a vibrant, shared space?
    2.  To ensure journalistic integrity and respectful representation, how can I generate an image that emphasizes the *authenticity* of traditional cultural practices, such as the detailed crafts depicted, while avoiding any stereotypical portrayals?
    3.  I need to create a compelling visual for an article highlighting underrepresented cultures. What image generation strategies should I use to maximize the *visibility* of specific cultural identities and their unique contributions, making them central and celebrated?

*   **Demographics**: ['Minority communities', 'asylum seekers']
    1.  To foster a sense of belonging and community pride, how can I generate an image that celebrates the *inclusion* of various minority cultures, showcasing our unique traditions like the detailed crafts, interacting seamlessly within a diverse global setting?
    2.  As someone keen to represent my cultural heritage accurately, what visual details should I prioritize when generating an image to truly capture the *authenticity* of specific traditional practices, ensuring it reflects our true identity and avoids misrepresentation?
    3.  Seeking to empower my community, how can I generate an image that significantly enhances the *visibility* of our cultural traditions, making our practices and identities, similar to the prominent hands in traditional crafts, seen and respected on a wider stage?

*   **Country/Region**: ['Australia']
    1.  For an Australian context celebrating multiculturalism, how can I generate an image that powerfully illustrates the *inclusion* of diverse cultural expressions—from traditional Indigenous arts to migrant crafts and modern digital design—within a cohesive national narrative?
    2.  When depicting Australia's diverse cultural landscape, including Indigenous and migrant communities, what specific visual cues are crucial to ensure *authenticity* in representing traditional practices and contemporary cultural contributions, avoiding tokenism or inaccuracies?
    3.  How can I generate an image that effectively increases the *visibility* of the rich array of cultures present in Australia, making their unique traditions and identities, similar to the distinct cultural crafts shown, prominently featured and acknowledged nationally?",representation in media and arts,"Inclusion, Authenticity, Visibility",Educators,"['media workers', 'Journalists']","['Minority communities', 'asylum seekers']",['Australia'],advice seeking,text-to-video,"['Title: The Media, Cultural Diversity and Identity', ';\nOccupation: Journalists, media workers', ';\nDemographics: Minority communities, asylum seekers', ';\nCountry: Australia']",['https://vertexaisearch.cloud.google.com/grounding-api-redirect/AUZIYQFQU1K7fZevCflY9wteJEwgMhZOA6hB0f7dmWB8MFBXkSqRdV9N-yG-b9k_oRLu8X09KnSx9YRWCtiNEUDgJbzeNe6nMqY8u-8c8XjaMPC5hc0WGLt8SccWd3wz66kmxEEvO03LAMfYfvPq4CVdabqaGgOGisMRC-xNZqu2EYJoCQMLRXAgoH4SZnBiRxLYPLuG2UtwbWo=']
Culture,Cultural Economy and Creative Industries,"**Creative professionals**

1.  An independent filmmaker reviews grant applications on a laptop, surrounded by film equipment and storyboards, clearly seeking funding advice for a new project in the cultural economy.
2.  A musician with a guitar stands at a crossroads, with signs pointing to different ""Creative Industry Funding"" options like ""Arts Council Grants"" and ""Private Subsidies,"" seeking guidance.
3.  A painter in their studio, looking thoughtfully at a vision board filled with notes about ""Sustainable Creative Practice"" and ""Artist Grants,"" contemplating how to secure long-term funding.

**Individuals lacking social protection**

1.  A hopeful aspiring writer, sitting on a park bench with minimal belongings, looking at a flyer titled ""Entry-Level Creative Subsidies for New Talents,"" seeking a starting point in the cultural economy.
2.  An image of a person reaching out to a glowing door labeled ""Creative Opportunity Funding,"" while standing on a path representing 'uncertainty,' symbolizing a search for basic support to enter the creative industries.
3.  A young street artist with empty pockets, observing a vibrant mural of ""Support for Emerging Artists: Grants and Bursaries,"" yearning for advice on how to access these funds without prior stability.

**Low-wage earners**

1.  A barista skillfully pouring coffee, while simultaneously researching ""Small Business Grants for Creative Side Hustles"" on a tablet, seeking advice on supplementing their income through art.
2.  A split image depicting someone working a repetitive manual job on one side, and on the other, an artistic vision of them painting, with a thought bubble asking, ""How can I get subsidies to transition into a creative career?""
3.  A person looking at a graphic of a ""Financial Staircase"" leading to ""Creative Economy Success,"" with lower steps labeled ""Low Wage"" and higher steps ""Funding Opportunities,"" seeking advice on grant applications.

**Women**

1.  A determined woman graphic designer, juggling work and family life, researching ""Gender-Inclusive Arts Grants"" and ""Subsidies for Women-Led Creative Projects,"" seeking advice on equitable funding.
2.  An image of a diverse group of women artists collaborating in a studio, gathered around a projector displaying ""Funding for Women in Cultural Industries,"" actively seeking collective advice and opportunities.
3.  A confident woman sculptor, surrounded by her tools and artwork, envisioning a future where ""Bias-Free Creative Subsidies"" are easily accessible, seeking information on fair funding.",support for creative industries,"Funding, ', ' Grants, ', ' Subsidies",Artists,['Creative professionals'],"['individuals lacking social protection', 'low-wage earners', 'Women']",['Global'],advice seeking,text-to-video,"['Title: Cultural and Creative Industries: Creativity as a Catalyst for Economic Development and Social Change', ';\nOccupation: Creative professionals', ';\nDemographics: Women, low-wage earners, individuals lacking social protection', ';\nCountry: Global']",['https://vertexaisearch.cloud.google.com/grounding-api-redirect/AUZIYQGtje6cv9e5KnVikLZE_nVM6dgaBv4njt5WFTJFHP2mlm_HS77sMd3schTga6AQ6-jHo7BfYYvoJvpSADelSXlIhMxSqQFKJRYJY4XhePGx3u2uIPkwYoSm1OV-biQdX6l5NmMPGcq_S3lVDtEXmwRW-4T_uHXErlylphWTL4lOzSoCv-u3YzkNjSinbc7YH71rM0YTCMd5U9tN_G6WDzgDkyS8vjx6_df__10PP3wC_MXUh7IP2qIvNalqfeJiaRmSuNU26Htsbs3Z8w==']
Culture,Intangible Cultural Heritage,"Here are the prompts:

1.  ""Visualize a thriving local craft center in a rural setting, where municipal representatives are advising on strategies to visibly demonstrate the tangible impact of traditional artisan techniques on the cultural heritage and economic future of younger generations through collaborative workshops and community engagement initiatives.""
2.  ""Show an Indigenous artisan elder from a developing country respectfully sharing an ancestral craft technique with a group of women from her community, emphasizing how this intergenerational heritage transfer can be sustained and celebrated through collaborative initiatives for cultural preservation and economic empowerment.""
3.  ""Depict a Lithuanian junior researcher observing an artisan meticulously crafting a traditional folk art piece, seeking visual advice on how to effectively document and illustrate the impact of such intangible cultural heritage on community identity and future generations for a research publication, highlighting the unique techniques and materials.""
4.  ""Illustrate a diverse group of artisans from different Indigenous communities collaborating to develop new sustainable craft techniques that honor their shared heritage, seeking visual guidance on how to preserve authenticity while fostering economic viability and equitable partnerships in a contemporary market.""
5.  ""Create an image advising municipal local action representatives on how to design a public space that visibly promotes the value of traditional artisan techniques, showcasing how such a center can foster intergenerational learning, celebrate cultural heritage, and attract visitors interested in preserving intangible traditions for future generations.""
6.  ""Render a scene where a female artisan from a developing country, facing challenges in a rural community, is seeking visual advice on how to innovate her traditional craft techniques to reach new markets and secure her livelihood, while also empowering other women and preserving her cultural heritage through collaboration.""",traditional craftsmanship and design (as learned skills and processes),"Artisan, Technique, Heritage",Researchers,"['Municipal Local Action representatives', 'Indigenous craftspeople', 'Junior researcher', 'Artisans']","['focus traditional craft centers impact cultural heritage future generations', 'Workers developing countries', 'Indigenous communities', 'Rural communities', 'Women']","['Artisanal Collaborations Preservation Intangible Cultural Heritage', 'Lithuania']",advice seeking,text-to-video,"['Title: THE ROLE OF TRADITIONAL CRAFT CENTERS IN SAFEGUARDING CULTURAL HERITAGE', ';\n   Occupation: Junior researcher', '; Municipal and Local Action Group (LAG) representatives', "";\n   Demographics: Not explicitly stated for direct participants; focus on traditional craft centers' impact on cultural heritage for future generations"", ';\n   Country: Lithuania', 'Title: Artisanal Collaborations and the Preservation of Intangible Cultural Heritage', ';\n   Occupation: Indigenous craftspeople', '; Artisans', ';\n   Demographics: Women (as the second largest employer worldwide in indigenous craft)', '; Indigenous communities', '; Rural communities', '; Workers in developing countries', ';\n   Country: United States', '; Tajikistan (Central Asia)']","['https://vertexaisearch.cloud.google.com/grounding-api-redirect/AUZIYQFWfRrrHWyKf8XkAkeCY5wWCXEOPadwu12ZoQmCBIFB3RBo_tH8W-usOYo1JQeDd1fEvtWXwb1cQknAcWgSLSeU1DzjLCFWpATVnZ1P-9xuIkPUnpWDcE5qMcxwVMGZbKvYu6u3bgCDihn4tTrkdoKa2NCVltgcGixRezcQ-EuKcfa--KowRK17D9OwIJFTeyKMNyVpT9NRFiVAhFI3EXZGBgA3JtjsW7npwVI--Z3FdEUdVYcw', 'https://vertexaisearch.cloud.google.com/grounding-api-redirect/AUZIYQFHc4iHb4zo4nSJpNlsCfJVnCqsMfQJ61IcxYCG3ClgZwFuHUTPJuo4UhAPeabjq-okvv-vb1xpSxTlQRgld-zYRpELVKY6xxf-P-SbBuz-v_-wpiyw2jInQt6-d9WkT8bCrK1Rnb-PoqgoY-oVAFifAKFyYwS08Y5B_gJnVkzVIZ56wnlJ02UgK7IU6EJGssWsh9VKyXNla-rhjkBp3JyrpEHpCw==']"
Culture,Cultural Economy and Creative Industries,"**Prompts:**

1.  ""As a Laotian craftsperson, I need to understand how **copyright** protects my traditional textile patterns, which are deeply rooted in my **heritage** and local **folklore**. Generate an image depicting a craftsperson receiving advice on protecting their unique designs.""
2.  ""We are the Oma ethnic people from Nanam Village in Laos. Our **folklore** and artistic **heritage** are being used without our permission. We need advice on how to protect these traditional creations. Can you generate an image of Oma community members working to legally safeguard their cultural expressions, perhaps with symbols of intellectual property rights, even if 'traditional **copyright**' doesn't fully fit?""
3.  ""The government of Laos is seeking advice on how to best protect its rich cultural **heritage** and promote its unique **folklore** traditions in the global creative economy. Specifically, we want to understand how **copyright** laws apply to our traditional arts and crafts. Generate an image depicting various iconic Laotian cultural creations, with a subtle overlay of protection symbols, perhaps within a legal or economic context.""",intellectual property rights for cultural creations,"Copyright, Heritage, Folklore",Researchers;,"['craftspeople', 'designers']","['Nanam Village', 'Oma ethnic']",['Laos'],advice seeking,text-to-video,"['Title: DOCUMENTING TRADITIONAL CULTURAL EXPRESSIONS: Building a Model for Legal Protection Against Misappropriation and Misuse with the Oma Ethnic Group of Laos', 'Occupation: craftspeople, designers', 'Demographics: Oma ethnic group, Nanam Village', 'Country: Laos']",['https://vertexaisearch.cloud.google.com/grounding-api-redirect/AUZIYQFjsVNwBiajah-W6x69Q1xSU15EVyKfH80knBkPb7gw3sTzyIJZIpCqJYuwdIzfCMuRcZGLb45yjUYy8cpOm5BGdenhpeA7kV3Z8vwMusQ2TB67P5LlU78yPnuqn9imjuAEU1emOCvmMeoOdSlLr54K-uRqRTIgokCXlL6fMEVaX-YNhi9OopVF6JhZXQJ3qd3JOhBIjjaT0lul5v7EWwsW7ukW5Uo7bOn1Pi3Ujg-EXPq9TjcKuNpiemMA']
Culture," Cultural Identity, Diversity, and Representation","1.  Our tribal council is seeking advice on how to visually represent strategies for the **Preservation** of our cultural **Heritage** in a digital age. Generate an image advising us on effective digital archives of traditional stories and crafts.
2.  What image would best advise our Alaskan Native Village on asserting greater **Autonomy** in managing our ancestral fishing grounds, showing both traditional practices and modern governance?
3.  We are seeking an image that advises our American Indian tribe on creative ways to ensure the **Preservation** of our sacred language for our youth, perhaps depicting intergenerational learning or community language revitalization efforts.
4.  Generate an image offering visual advice on how our Indigenous Peoples can promote authentic representation of our diverse cultural **Heritage** in mainstream media, emphasizing our self-determination and **Autonomy**.
5.  For an upcoming community meeting, what visual advice would inspire and guide our members on strengthening our cultural identity and the **Preservation** of traditional arts, showing resilience and innovation?
6.  We need an image that advises on how to visually communicate our inherent rights to **Autonomy** and the **Preservation** of our spiritual sites against external threats, perhaps depicting unity and protection.
7.  Our youth committee is asking for visual advice on how to blend our ancient **Heritage** with contemporary life, ensuring the vibrant **Preservation** of our identity while embracing new paths. Generate an image for this.
8.  What image would serve as visual advice for our community on maintaining **Autonomy** in educational curricula, ensuring our children learn our true history and cultural **Heritage** alongside modern subjects?
9.  Seeking visual advice: How can an image effectively portray the importance of intertribal collaboration for the collective **Preservation** of Indigenous **Heritage** and shared **Autonomy** across different American Indian nations?
10. Generate an image providing visual advice on sustainable economic development that honors our cultural **Heritage** and supports tribal **Autonomy**, showing prosperity while **Preserving** our ancestral lands and values.",indigenous cultural rights," Heritage, ', ' Autonomy, ', ' Preservation

",Educators,['Indigenous community members'],"['Alaskan Native Villages', 'American Indian tribes', 'Indigenous Peoples']",['United States'],advice seeking,text-to-video,"['Title: The Ascension of Indigenous Cultural Property Law', ';\n   Occupation: Indigenous community members;\n   Demographics: Indigenous Peoples, Native people, American Indian tribes, Alaskan Native Villages', ';\n   Country: United States']",['https://vertexaisearch.cloud.google.com/grounding-api-redirect/AUZIYQHO3LTyyRaj8mLJD9kirAmI0zxG1a_rPIiy_qFK6C54KR25qeE4k3XPAxiFkYvZm4OXDxiKZR9doaGiziYr6Hanwp0SKv4-S_kguCP58qYM9Es7TC5Mj5-34nDbUGmx1mrhCEaVOsEP2PaQzSn_cIG4oVQ_DFY3YS-gUZ9ILSljoAJPioXuj1Et5PctmJSG1RebiSM=']